C001,C002,C003,C004,C005,C006,C007,C008,C009,C010
C001\HWR0004.bmp,C002\HWR0112.bmp,C003\HWR0002.bmp,C004\HWR0003.bmp,C005\HWR0003.bmp,C006\HWR0001.bmp,C007\HWR0001.bmp,C008\HWR0148.bmp,C009\HWR0036.bmp,C010\HWR0048.bmp
C001\HWR0024.bmp,,C003\HWR0003.bmp,C004\HWR0030.bmp,C005\HWR0047.bmp,C006\HWR0003.bmp,C007\HWR0013.bmp,,C009\HWR0040.bmp,
C001\HWR0026.bmp,,C003\HWR0004.bmp,C004\HWR0065.bmp,C005\HWR0049.bmp,C006\HWR0047.bmp,C007\HWR0016.bmp,,C009\HWR0044.bmp,
C001\HWR0030.bmp,,C003\HWR0007.bmp,C004\HWR0112.bmp,C005\HWR0062.bmp,C006\HWR0053.bmp,C007\HWR0022.bmp,,C009\HWR0132.bmp,
C001\HWR0039.bmp,,C003\HWR0009.bmp,,C005\HWR0065.bmp,C006\HWR0055.bmp,C007\HWR0029.bmp,,,
C001\HWR0053.bmp,,C003\HWR0010.bmp,,C005\HWR0111.bmp,C006\HWR0057.bmp,C007\HWR0039.bmp,,,
C001\HWR0063.bmp,,C003\HWR0013.bmp,,C005\HWR0114.bmp,C006\HWR0076.bmp,C007\HWR0042.bmp,,,
C001\HWR0070.bmp,,C003\HWR0015.bmp,,C005\HWR0120.bmp,C006\HWR0112.bmp,C007\HWR0043.bmp,,,
C001\HWR0075.bmp,,C003\HWR0017.bmp,,C005\HWR0126.bmp,C006\HWR0123.bmp,C007\HWR0047.bmp,,,
C001\HWR0076.bmp,,C003\HWR0022.bmp,,,C006\HWR0126.bmp,C007\HWR0052.bmp,,,
C001\HWR0089.bmp,,C003\HWR0024.bmp,,,C006\HWR0130.bmp,C007\HWR0060.bmp,,,
C001\HWR0090.bmp,,C003\HWR0026.bmp,,,C006\HWR0136.bmp,C007\HWR0067.bmp,,,
C001\HWR0093.bmp,,C003\HWR0027.bmp,,,C006\HWR0147.bmp,C007\HWR0068.bmp,,,
C001\HWR0096.bmp,,C003\HWR0028.bmp,,,,C007\HWR0070.bmp,,,
C001\HWR0121.bmp,,C003\HWR0039.bmp,,,,C007\HWR0085.bmp,,,
C001\HWR0130.bmp,,C003\HWR0044.bmp,,,,C007\HWR0089.bmp,,,
C001\HWR0131.bmp,,C003\HWR0046.bmp,,,,C007\HWR0090.bmp,,,
C001\HWR0138.bmp,,C003\HWR0049.bmp,,,,C007\HWR0093.bmp,,,
C001\HWR0139.bmp,,C003\HWR0053.bmp,,,,C007\HWR0095.bmp,,,
,,C003\HWR0055.bmp,,,,C007\HWR0098.bmp,,,
,,C003\HWR0062.bmp,,,,C007\HWR0100.bmp,,,
,,C003\HWR0070.bmp,,,,C007\HWR0101.bmp,,,
,,C003\HWR0074.bmp,,,,C007\HWR0104.bmp,,,
,,C003\HWR0075.bmp,,,,C007\HWR0121.bmp,,,
,,C003\HWR0076.bmp,,,,C007\HWR0123.bmp,,,
,,C003\HWR0081.bmp,,,,C007\HWR0131.bmp,,,
,,C003\HWR0082.bmp,,,,C007\HWR0134.bmp,,,
,,C003\HWR0084.bmp,,,,C007\HWR0138.bmp,,,
,,C003\HWR0092.bmp,,,,C007\HWR0145.bmp,,,
,,C003\HWR0095.bmp,,,,,,,
,,C003\HWR0097.bmp,,,,,,,
,,C003\HWR0104.bmp,,,,,,,
,,C003\HWR0107.bmp,,,,,,,
,,C003\HWR0110.bmp,,,,,,,
,,C003\HWR0111.bmp,,,,,,,
,,C003\HWR0112.bmp,,,,,,,
,,C003\HWR0114.bmp,,,,,,,
,,C003\HWR0115.bmp,,,,,,,
,,C003\HWR0119.bmp,,,,,,,
,,C003\HWR0120.bmp,,,,,,,
,,C003\HWR0121.bmp,,,,,,,
,,C003\HWR0130.bmp,,,,,,,
,,C003\HWR0133.bmp,,,,,,,
,,C003\HWR0138.bmp,,,,,,,
,,C003\HWR0146.bmp,,,,,,,
,,C003\HWR0148.bmp,,,,,,,
